awesome-decision-tree-papers,186166778,https://api.github.com/repos/benedekrozemberczki/awesome-decision-tree-papers
deep_classiflie_db,254937284,https://api.github.com/repos/speediedan/deep_classiflie_db
deep_classiflie,254935540,https://api.github.com/repos/speediedan/deep_classiflie
lernd,164451486,https://api.github.com/repos/crunchiness/lernd
Python_ML_Templates,198395518,https://api.github.com/repos/Richieone13/Python_ML_Templates
rmllib,134432184,https://api.github.com/repos/jpfeiffe/rmllib
Data-Science-Resources,143082562,https://api.github.com/repos/AdiBro/Data-Science-Resources
machine-learning-checklist,201349359,https://api.github.com/repos/livey/machine-learning-checklist
Best_of_Python_For_ML,271895081,https://api.github.com/repos/kjanjua26/Best_of_Python_For_ML
Trading-ml-resources,201741414,https://api.github.com/repos/tomastoth/Trading-ml-resources
awesome-artificial-general-intelligence,104430510,https://api.github.com/repos/fairy-tale-agi-solutions/awesome-artificial-general-intelligence
fairy-tale-artificial-general-intelligence-solutions,104449663,https://api.github.com/repos/fairy-tale-agi-solutions/fairy-tale-artificial-general-intelligence-solutions
Creating-a-Chatbot,131711604,https://api.github.com/repos/spydaz/Creating-a-Chatbot
superstrongai,167931708,https://api.github.com/repos/pragmatic-strain/superstrongai
SpydazWebAI_IntelligentAgent,131715768,https://api.github.com/repos/spydaz/SpydazWebAI_IntelligentAgent
Net2Vis,170132400,https://api.github.com/repos/viscom-ulm/Net2Vis
whoneedsadversaries,163857261,https://api.github.com/repos/torrvision/whoneedsadversaries
tflogger,95687323,https://api.github.com/repos/shogun-toolbox/tflogger
mammogram-mass-project,118978962,https://api.github.com/repos/och234/mammogram-mass-project
java-data-visualizer,94661186,https://api.github.com/repos/chen0040/java-data-visualizer
fitsbook-python,224338271,https://api.github.com/repos/nmcardoso/fitsbook-python
machine-learning-visualizations,186250647,https://api.github.com/repos/vlainic/machine-learning-visualizations
Student-Performance-Visualizer-and-Predictor,250361715,https://api.github.com/repos/aahmad4/Student-Performance-Visualizer-and-Predictor
mltoys,254360250,https://api.github.com/repos/EasternWind416/mltoys
AI-for-Robotics-CS373,179834077,https://api.github.com/repos/zhao-zh10/AI-for-Robotics-CS373
Machine-Learning-Frontend,283126788,https://api.github.com/repos/vikasjoshis001/Machine-Learning-Frontend
machine-learning-with-r,93756811,https://api.github.com/repos/MingChen0919/machine-learning-with-r
livius,124937550,https://api.github.com/repos/raffienficiaud/livius
Machine-learning-robotics,252376997,https://api.github.com/repos/sidhantagar/Machine-learning-robotics
ai-reading-list,104743099,https://api.github.com/repos/dlpbc/ai-reading-list
Machine-Learning-of-Dynamical-Systems-using-Recurrent-Neural-Networks,161590318,https://api.github.com/repos/AleksandarHaber/Machine-Learning-of-Dynamical-Systems-using-Recurrent-Neural-Networks
Combined.ML.Services,248234252,https://api.github.com/repos/sjoerdteunisse/Combined.ML.Services
adversarial-networks,151576238,https://api.github.com/repos/aliciapj/adversarial-networks
python_for_data_science_and_machine_learning_bootcamp_coursework,134467774,https://api.github.com/repos/phets/python_for_data_science_and_machine_learning_bootcamp_coursework
awesome-sentiment-analysis,82748196,https://api.github.com/repos/xiamx/awesome-sentiment-analysis
manifold_mixup,137075504,https://api.github.com/repos/vikasverma1077/manifold_mixup
supervised-ML-case-studies-course,189779321,https://api.github.com/repos/juliasilge/supervised-ML-case-studies-course
FCNVMB-Deep-learning-based-seismic-velocity-model-building,204304907,https://api.github.com/repos/YangFangShu/FCNVMB-Deep-learning-based-seismic-velocity-model-building
Handwritten-Digits-Classification-Using-KNN-Multiclass_Perceptron-SVM,139596782,https://api.github.com/repos/OSSpk/Handwritten-Digits-Classification-Using-KNN-Multiclass_Perceptron-SVM
Machine_Learning,247377689,https://api.github.com/repos/SudhakarKuma/Machine_Learning
AIML-Projects,216377074,https://api.github.com/repos/sharmapratik88/AIML-Projects
PGP-AIML,167565747,https://api.github.com/repos/akshayan72/PGP-AIML
Statistical-Learning-using-R,88212808,https://api.github.com/repos/anishsingh20/Statistical-Learning-using-R
SML_CV,123073601,https://api.github.com/repos/msultan/SML_CV
adaptive-forex-forecast,147916487,https://api.github.com/repos/ExcViral/adaptive-forex-forecast
PythonBRMLtoolbox,143151401,https://api.github.com/repos/MauroCE/PythonBRMLtoolbox
Deep-Learning-Mahjong---,194432398,https://api.github.com/repos/lucylow/Deep-Learning-Mahjong---
caret-ML-course,264007590,https://api.github.com/repos/juliasilge/caret-ML-course
TFM-Analisis_sentimientos_Twitter-UOC,121153839,https://api.github.com/repos/jcsobrino/TFM-Analisis_sentimientos_Twitter-UOC
ML4T,124898463,https://api.github.com/repos/ahmedhamdi96/ML4T
Machine-Learning-Codes,271997324,https://api.github.com/repos/lokeshBI/Machine-Learning-Codes
dcol,36507508,https://api.github.com/repos/nmacia/dcol
noytext,167003856,https://api.github.com/repos/luisgasco/noytext
spotify-analysis,113507561,https://api.github.com/repos/rileynwong/spotify-analysis
Supervised-Modeling-with-Emphasis-on-LAUC,143004081,https://api.github.com/repos/Abhishekmamidi123/Supervised-Modeling-with-Emphasis-on-LAUC
Machine-Learning-Rare-Event-Classification,179903161,https://api.github.com/repos/LeihuaYe/Machine-Learning-Rare-Event-Classification
vegMonitor,137499462,https://api.github.com/repos/atreyasha/vegMonitor
machine-learning-algorithms,135479460,https://api.github.com/repos/abinj/machine-learning-algorithms
MachineLearningElasticComponent,111627812,https://api.github.com/repos/Lucasfrota/MachineLearningElasticComponent
MLAlgorithms,267894574,https://api.github.com/repos/FarnoushRJ/MLAlgorithms
nz_space_challenge,125764923,https://api.github.com/repos/weiji14/nz_space_challenge
RobotTrader,163233512,https://api.github.com/repos/TimRivoli/RobotTrader
actinspacenz,134659798,https://api.github.com/repos/weiji14/actinspacenz
udadsnd-p4-airbnb_inside,200734636,https://api.github.com/repos/nidragedd/udadsnd-p4-airbnb_inside
linear-regression-rugby,180444958,https://api.github.com/repos/laurenlhoward14/linear-regression-rugby
Sentiment-Analysis-of-Twitter-Data-Using-Logistic-Regression,162666250,https://api.github.com/repos/raju-shrestha/Sentiment-Analysis-of-Twitter-Data-Using-Logistic-Regression
Predicting-the-Popularity-of-Online-News,120803732,https://api.github.com/repos/LJANGN/Predicting-the-Popularity-of-Online-News
MachineLearningRecipes,92132752,https://api.github.com/repos/shreydan/MachineLearningRecipes
HR_Employee_Attrition,123193635,https://api.github.com/repos/mmd52/HR_Employee_Attrition
Amygdala,124148266,https://api.github.com/repos/M4gicT0/Amygdala
Multivariate-Regression---King-County-House-Prices,113893465,https://api.github.com/repos/LJANGN/Multivariate-Regression---King-County-House-Prices
Flight_Price_prediction,179977627,https://api.github.com/repos/amitjoshi9627/Flight_Price_prediction
Wine-classification-using-KNN-and-SVM-classifier,164242338,https://api.github.com/repos/Piyush-Bhardwaj/Wine-classification-using-KNN-and-SVM-classifier
Link-Prediction-in-Co-Authorship,112951618,https://api.github.com/repos/JasontheMonster/Link-Prediction-in-Co-Authorship
ML-Prep,233597589,https://api.github.com/repos/Saket-Kr/ML-Prep
MLBootcampJanuary,164133726,https://api.github.com/repos/utk09/MLBootcampJanuary
Classfiying-Iris-flower-species,266697070,https://api.github.com/repos/jalalmansoori19/Classfiying-Iris-flower-species
Modeling-of-strength-of-high-performance-concrete-using-Machine-Learning,217610707,https://api.github.com/repos/LaxmiChaudhary/Modeling-of-strength-of-high-performance-concrete-using-Machine-Learning
pydata-london-2019,196712006,https://api.github.com/repos/gcampanella/pydata-london-2019
Board-Game-Review-Prediction,196927065,https://api.github.com/repos/sharmaroshan/Board-Game-Review-Prediction
SupervisedClassAlgorithms,89092175,https://api.github.com/repos/sandorgoda/SupervisedClassAlgorithms
machine-learning-studies,264548279,https://api.github.com/repos/mirianfsilva/machine-learning-studies
Quantum-Machine-Learning,182355324,https://api.github.com/repos/michelbarbeau/Quantum-Machine-Learning
DMLLTDetectorPulseDiscriminator,178474693,https://api.github.com/repos/dpscience/DMLLTDetectorPulseDiscriminator
whatsinyourcart,289139553,https://api.github.com/repos/mollyincali/whatsinyourcart
Supervised-ML-App,101901828,https://api.github.com/repos/PFinnfors/Supervised-ML-App
ML-and-visualization,180116139,https://api.github.com/repos/kumar-brar/ML-and-visualization
TalkingData-AdTracking-Fraud-Detection-Challenge,160900496,https://api.github.com/repos/anuragkumar/TalkingData-AdTracking-Fraud-Detection-Challenge
Finding_Donors_Charity_ML,158564299,https://api.github.com/repos/ajaySingh027/Finding_Donors_Charity_ML
Telecom-Customer-Churn-Prediction-Assessment,256158244,https://api.github.com/repos/Aviator10/Telecom-Customer-Churn-Prediction-Assessment
logistic-regression-,255022303,https://api.github.com/repos/saibharath2/logistic-regression-
Charity-ML,146162328,https://api.github.com/repos/SimplifyData/Charity-ML
Image-Detection-using-Neural-network,171737151,https://api.github.com/repos/YangLei2586/Image-Detection-using-Neural-network
udacity_ml_supervised_learning,176161850,https://api.github.com/repos/d88w/udacity_ml_supervised_learning
kmeans-clustering,190972380,https://api.github.com/repos/JangirSumit/kmeans-clustering
Machine-Learning,230187555,https://api.github.com/repos/Subhendu-Rout/Machine-Learning
SentimentAnalysis-Python-Demo,208187112,https://api.github.com/repos/KwokHing/SentimentAnalysis-Python-Demo
TSF--Data-Science-Tasks,280082249,https://api.github.com/repos/m0-k1/TSF--Data-Science-Tasks
Prediction-of-Tariff-Rates,266785576,https://api.github.com/repos/shishir349/Prediction-of-Tariff-Rates
MachineLearning_EnronFraud,84546725,https://api.github.com/repos/Nazaniiin/MachineLearning_EnronFraud
Crime-rate-analysis-and-prediction,90224413,https://api.github.com/repos/rajneeshkaushal/Crime-rate-analysis-and-prediction
MLND,102645248,https://api.github.com/repos/bnriiitb/MLND
AIML,271449745,https://api.github.com/repos/adityayardi1/AIML
ArticleClassifier,143380900,https://api.github.com/repos/eanunez/ArticleClassifier
Univariate-Linear-Regression---Stock-price-prediction,188843735,https://api.github.com/repos/vasanthakumarj/Univariate-Linear-Regression---Stock-price-prediction
Machine_learning,156013383,https://api.github.com/repos/kodalisaiteja7/Machine_learning
Ensemble-Techniques-on-Bank-Data,217573774,https://api.github.com/repos/LaxmiChaudhary/Ensemble-Techniques-on-Bank-Data
Machine-Learning-A-Z-hands-on-Python-And-R-in-data-Science,267272501,https://api.github.com/repos/Ashleshk/Machine-Learning-A-Z-hands-on-Python-And-R-in-data-Science
wine-classification,183478287,https://api.github.com/repos/laurenlhoward14/wine-classification
Applied-Machine-Learning-in-Python-Coursera,217647722,https://api.github.com/repos/liyijin-data-PM/Applied-Machine-Learning-in-Python-Coursera
INFX-574-Machine-Learning,131897014,https://api.github.com/repos/axelnine/INFX-574-Machine-Learning
Discriminate-Analysis,154093463,https://api.github.com/repos/avinashbarnwal/Discriminate-Analysis
Email-Fraud-Detection,229777893,https://api.github.com/repos/MissAle17/Email-Fraud-Detection
Iris-project-via-ML,140060548,https://api.github.com/repos/Vatshayan/Iris-project-via-ML
Machine-Learning-Regression-Models,163604889,https://api.github.com/repos/malleshd/Machine-Learning-Regression-Models
datasetMicroscopy,223182454,https://api.github.com/repos/nriss/datasetMicroscopy
Exploring-the-world-of-Football,266770540,https://api.github.com/repos/shishir349/Exploring-the-world-of-Football
Machine-Learning-with-Andrew-Ng-on-Coursera,103278776,https://api.github.com/repos/rashidch/Machine-Learning-with-Andrew-Ng-on-Coursera
Data-Science-Projects-General-Assembly,175047319,https://api.github.com/repos/vyap2000/Data-Science-Projects-General-Assembly
HR-Data-Analysis-and-Insights,237173139,https://api.github.com/repos/MorganeBT/HR-Data-Analysis-and-Insights
Human-Dynamics-in-Modern-World-with-Artificial-intelligence-Data-Science-Big-Data-Analytics,286148994,https://api.github.com/repos/sohel-ccse/Human-Dynamics-in-Modern-World-with-Artificial-intelligence-Data-Science-Big-Data-Analytics
how-to-make-churn-model-in-R,115765380,https://api.github.com/repos/ucg8j/how-to-make-churn-model-in-R
linear-regression,255025208,https://api.github.com/repos/saibharath2/linear-regression
Loan-Purchase-Modelling-TheraBank,256160819,https://api.github.com/repos/Aviator10/Loan-Purchase-Modelling-TheraBank
Capstone-Project,173943763,https://api.github.com/repos/vyap2000/Capstone-Project
practical-machine-learning,192457041,https://api.github.com/repos/vdhug/practical-machine-learning
finding_donors,162830862,https://api.github.com/repos/sonnyochoa/finding_donors
udadsnd-p5-disaster_response_pipelines,209795674,https://api.github.com/repos/nidragedd/udadsnd-p5-disaster_response_pipelines
finding_donors,173558876,https://api.github.com/repos/JMarcan/finding_donors
backpropagation_algorithm,235643493,https://api.github.com/repos/Jeffresh/backpropagation_algorithm
LinearRegression,244612233,https://api.github.com/repos/KaveriKR/LinearRegression
fifa-player-analysis-modeling,261911745,https://api.github.com/repos/akshitvjain/fifa-player-analysis-modeling
Nai-ve-Bees-Image-Loading-and-Processing,218214735,https://api.github.com/repos/DarigaSmagulova/Nai-ve-Bees-Image-Loading-and-Processing
Machine-Learning,87450538,https://api.github.com/repos/fzachariah/Machine-Learning
Facial-Keypoints-Detection-using-Multi-Layer-Perceptron-with-Kaggle-Dataset-in-Julia,187427944,https://api.github.com/repos/crhota/Facial-Keypoints-Detection-using-Multi-Layer-Perceptron-with-Kaggle-Dataset-in-Julia
machine-Learning,96131592,https://api.github.com/repos/biswajit0525/machine-Learning
SupervisedLearning,71000726,https://api.github.com/repos/rainer85ah/SupervisedLearning
advanced-ai,125550326,https://api.github.com/repos/Wasencroll/advanced-ai
Arvato-Project,196652146,https://api.github.com/repos/karolrives/Arvato-Project
hams_ml,190192685,https://api.github.com/repos/abhiglobalistic/hams_ml
nn_multi_lang,54839445,https://api.github.com/repos/elbosso/nn_multi_lang
Finding_Donors,137802273,https://api.github.com/repos/yizhiyin86/Finding_Donors
Supervised-learning---Finding-donors-for-charityML,144510444,https://api.github.com/repos/rpranesh21/Supervised-learning---Finding-donors-for-charityML
Finding-Donors-for-Charity,144222904,https://api.github.com/repos/jbp261/Finding-Donors-for-Charity
Machine_Learning_Coursera,194140594,https://api.github.com/repos/jvirdi2/Machine_Learning_Coursera
Classifying-silhouettes-of-vehicles,217579908,https://api.github.com/repos/LaxmiChaudhary/Classifying-silhouettes-of-vehicles
IntrotoML-Udacity,95191818,https://api.github.com/repos/jainds/IntrotoML-Udacity
UdacityMLNDProject2FindingDonors,113956165,https://api.github.com/repos/fileung/UdacityMLNDProject2FindingDonors
Capstone1-FIFA-data,152122086,https://api.github.com/repos/kayne10/Capstone1-FIFA-data
Breast-Cancer-Detection,140950624,https://api.github.com/repos/abd1007/Breast-Cancer-Detection
Step-Detection-using-Machine-Learning,181378884,https://api.github.com/repos/Hameem1/Step-Detection-using-Machine-Learning
Machine_Learning_Course,198028498,https://api.github.com/repos/syamkakarla98/Machine_Learning_Course
KNN,245780805,https://api.github.com/repos/Anandu-Sanu/KNN
MachineLearningWorkflow,103864576,https://api.github.com/repos/popovicidaniela/MachineLearningWorkflow
Machine_Learning,293176181,https://api.github.com/repos/karenyxwang/Machine_Learning
PredStackOverflowTags,117390170,https://api.github.com/repos/upmangaurav/PredStackOverflowTags
finding_donors,145678639,https://api.github.com/repos/ashva7/finding_donors
BigData-MachineLearning-Notes,175569529,https://api.github.com/repos/falaybeg/BigData-MachineLearning-Notes
LogisticRegression,244617556,https://api.github.com/repos/KaveriKR/LogisticRegression
UdacityMLNDProject1PredictingBostonHousingPrices,88106499,https://api.github.com/repos/fileung/UdacityMLNDProject1PredictingBostonHousingPrices
finding_donors,135081477,https://api.github.com/repos/coder-18/finding_donors
Ft_linear_regression,130265400,https://api.github.com/repos/R1nlz3r/Ft_linear_regression
IBM_attition_analysis,217849440,https://api.github.com/repos/uniquevineet/IBM_attition_analysis
Machine-Learning,285552336,https://api.github.com/repos/ANK-NK/Machine-Learning
Udacity_Nanodegree-Machine_Learning,98434349,https://api.github.com/repos/paulfoley/Udacity_Nanodegree-Machine_Learning
coursera-ml-course,100053461,https://api.github.com/repos/raeidsaqur/coursera-ml-course
Cross-Validation,157814896,https://api.github.com/repos/anuragkumar/Cross-Validation
Apprentissage,221481856,https://api.github.com/repos/kuro10/Apprentissage
R_Linear-Regression_K-Means-Algorithm,268850035,https://api.github.com/repos/reeantencamah/R_Linear-Regression_K-Means-Algorithm
FacebookChallenge,111463264,https://api.github.com/repos/sanswons/FacebookChallenge
Linear_Regression-Gradient_Descent,115210480,https://api.github.com/repos/kaustubholpadkar/Linear_Regression-Gradient_Descent
American-Airlines-Machine-Learning--Decision-Tree-Analysis,145346473,https://api.github.com/repos/madhura711/American-Airlines-Machine-Learning--Decision-Tree-Analysis
Capstone-Project,173943763,https://api.github.com/repos/vyap2000/Capstone-Project
practical-machine-learning,192457041,https://api.github.com/repos/vdhug/practical-machine-learning
finding_donors,162830862,https://api.github.com/repos/sonnyochoa/finding_donors
udadsnd-p5-disaster_response_pipelines,209795674,https://api.github.com/repos/nidragedd/udadsnd-p5-disaster_response_pipelines
finding_donors,173558876,https://api.github.com/repos/JMarcan/finding_donors
backpropagation_algorithm,235643493,https://api.github.com/repos/Jeffresh/backpropagation_algorithm
LinearRegression,244612233,https://api.github.com/repos/KaveriKR/LinearRegression
fifa-player-analysis-modeling,261911745,https://api.github.com/repos/akshitvjain/fifa-player-analysis-modeling
Nai-ve-Bees-Image-Loading-and-Processing,218214735,https://api.github.com/repos/DarigaSmagulova/Nai-ve-Bees-Image-Loading-and-Processing
Machine-Learning,87450538,https://api.github.com/repos/fzachariah/Machine-Learning
Facial-Keypoints-Detection-using-Multi-Layer-Perceptron-with-Kaggle-Dataset-in-Julia,187427944,https://api.github.com/repos/crhota/Facial-Keypoints-Detection-using-Multi-Layer-Perceptron-with-Kaggle-Dataset-in-Julia
Online_Shoppers_Pattern_Analysis,226707441,https://api.github.com/repos/uniquevineet/Online_Shoppers_Pattern_Analysis
travel-rec-automation,271639550,https://api.github.com/repos/arishty/travel-rec-automation
machine-Learning,96131592,https://api.github.com/repos/biswajit0525/machine-Learning
SupervisedLearning,71000726,https://api.github.com/repos/rainer85ah/SupervisedLearning
advanced-ai,125550326,https://api.github.com/repos/Wasencroll/advanced-ai
Arvato-Project,196652146,https://api.github.com/repos/karolrives/Arvato-Project
hams_ml,190192685,https://api.github.com/repos/abhiglobalistic/hams_ml
RGTM,219204170,https://api.github.com/repos/sujeongcha/RGTM
Facebook-Livestream,266333012,https://api.github.com/repos/iPablo26/Facebook-Livestream
Supervised-learning-models,286415419,https://api.github.com/repos/RhuthuHegde/Supervised-learning-models
clueless_closet,207326292,https://api.github.com/repos/LauraBresson/clueless_closet
nn_multi_lang,54839445,https://api.github.com/repos/elbosso/nn_multi_lang
Finding_Donors,137802273,https://api.github.com/repos/yizhiyin86/Finding_Donors
Supervised-learning---Finding-donors-for-charityML,144510444,https://api.github.com/repos/rpranesh21/Supervised-learning---Finding-donors-for-charityML
Finding-Donors-for-Charity,144222904,https://api.github.com/repos/jbp261/Finding-Donors-for-Charity
Machine_Learning_Coursera,194140594,https://api.github.com/repos/jvirdi2/Machine_Learning_Coursera
Classifying-silhouettes-of-vehicles,217579908,https://api.github.com/repos/LaxmiChaudhary/Classifying-silhouettes-of-vehicles
Iris-Classification,229580997,https://api.github.com/repos/dakshtrehan/Iris-Classification
Data-Science-Projects,200232834,https://api.github.com/repos/yashshah4/Data-Science-Projects
IntrotoML-Udacity,95191818,https://api.github.com/repos/jainds/IntrotoML-Udacity
UdacityMLNDProject2FindingDonors,113956165,https://api.github.com/repos/fileung/UdacityMLNDProject2FindingDonors
Capstone1-FIFA-data,152122086,https://api.github.com/repos/kayne10/Capstone1-FIFA-data
Breast-Cancer-Detection,140950624,https://api.github.com/repos/abd1007/Breast-Cancer-Detection
Step-Detection-using-Machine-Learning,181378884,https://api.github.com/repos/Hameem1/Step-Detection-using-Machine-Learning
Machine_Learning_Course,198028498,https://api.github.com/repos/syamkakarla98/Machine_Learning_Course
KNN,245780805,https://api.github.com/repos/Anandu-Sanu/KNN
machine_learning,259479786,https://api.github.com/repos/gillespilon/machine_learning
data-science-portfolio,276807142,https://api.github.com/repos/Mohanish31/data-science-portfolio
MachineLearningWorkflow,103864576,https://api.github.com/repos/popovicidaniela/MachineLearningWorkflow
python_data_science,131075811,https://api.github.com/repos/alfredhung/python_data_science
Classifying_Pastas,124289259,https://api.github.com/repos/mmd52/Classifying_Pastas
Tennessee-Eastman,186287574,https://api.github.com/repos/NVD919/Tennessee-Eastman
MachineLearning,186399674,https://api.github.com/repos/JoelVinayKumar/MachineLearning
Rapid-J,171341423,https://api.github.com/repos/BernLeWal/Rapid-J
finding_donors,183503380,https://api.github.com/repos/MikeHatchi/finding_donors
data-science-r,246288479,https://api.github.com/repos/jaydipkumar/data-science-r
Diabetes-Prediction,203840802,https://api.github.com/repos/leviosa19/Diabetes-Prediction
CharityML,226345139,https://api.github.com/repos/nirupamaprv/CharityML
Finding-Donors-for-Charity-ML,142685657,https://api.github.com/repos/en-ashay/Finding-Donors-for-Charity-ML
MachineLearning_HEP_ALICEdataCERN,166430629,https://api.github.com/repos/virajthakkar/MachineLearning_HEP_ALICEdataCERN
song-popularity-spotify,276979244,https://api.github.com/repos/adil-w/song-popularity-spotify
Spotify-Song-Recommender,120012805,https://api.github.com/repos/JohanWindahl/Spotify-Song-Recommender
Machine_Learning_Tutorials,293306749,https://api.github.com/repos/prabhat-123/Machine_Learning_Tutorials
Fault-Diagnosis,216546824,https://api.github.com/repos/gencinci/Fault-Diagnosis
SuperResolution,152782863,https://api.github.com/repos/Shrini97/SuperResolution
Cancer-prediction-using-mammogram-data-,198501246,https://api.github.com/repos/mmaithani/Cancer-prediction-using-mammogram-data-
CSE574-Projects,239372162,https://api.github.com/repos/simplydeeep/CSE574-Projects
supervised-learning-algorithms,103127654,https://api.github.com/repos/vijeth-aradhya/supervised-learning-algorithms
Vehicle_Detection_and_Tracking,97979671,https://api.github.com/repos/jinglebot/Vehicle_Detection_and_Tracking
Logistic-Regression,92244143,https://api.github.com/repos/ambarmodi/Logistic-Regression
L_layer_deep_neural_network,157121029,https://api.github.com/repos/kiranchhatre/L_layer_deep_neural_network
AI-GeneticAlgorithm-PI,123661026,https://api.github.com/repos/AdanMora/AI-GeneticAlgorithm-PI
permanent-residency,181963487,https://api.github.com/repos/laurenlhoward14/permanent-residency
ML-Adhoc,192556022,https://api.github.com/repos/Abhinaay/ML-Adhoc
Optical_flow_estimation,171479446,https://api.github.com/repos/Joe-Withers/Optical_flow_estimation
titanic_survival,177549625,https://api.github.com/repos/MikeHatchi/titanic_survival
predicting-rain,246906844,https://api.github.com/repos/gabrielleberanger/predicting-rain
Credit-Risk,269250286,https://api.github.com/repos/mcarter-00/Credit-Risk
disaster-response-pipelines,219137962,https://api.github.com/repos/JMarcan/disaster-response-pipelines
dining-predictions,239002806,https://api.github.com/repos/rkej/dining-predictions
random-forest,238515103,https://api.github.com/repos/albert-espin/random-forest
Supervised-ML,100306612,https://api.github.com/repos/jillm5/Supervised-ML
Machine-Learning-from-scratch,111451751,https://api.github.com/repos/sidharththapar/Machine-Learning-from-scratch
keras-Databases,133775043,https://api.github.com/repos/A-yush/keras-Databases
AI-Multilayer-Perceptron-PII,129428786,https://api.github.com/repos/AdanMora/AI-Multilayer-Perceptron-PII
Market-Basket-Analysis-On-Retail-store-in-R,178589007,https://api.github.com/repos/devdatta95/Market-Basket-Analysis-On-Retail-store-in-R
Finding-Donors,168277848,https://api.github.com/repos/karolrives/Finding-Donors
finding-donors-charity,166071222,https://api.github.com/repos/maazh/finding-donors-charity
Sentiment-Analysis-on-Movie-Review-Data,189454882,https://api.github.com/repos/riyadatik/Sentiment-Analysis-on-Movie-Review-Data
Multi-Linear-Regression,245786143,https://api.github.com/repos/Anandu-Sanu/Multi-Linear-Regression
Predicting_soccer_results,273792643,https://api.github.com/repos/sguadav/Predicting_soccer_results
basic-heart-disease-prediction-classifier-ml,291402856,https://api.github.com/repos/anubhabdaserrr/basic-heart-disease-prediction-classifier-ml
Early-Stage-Diabetes-UCI-ML,292983949,https://api.github.com/repos/markmacwan/Early-Stage-Diabetes-UCI-ML
Credit-Card-Transaction-Fraud-Detection-using-Supervised-Machine-learning-with-an-Imbalanced-dataset,265971371,https://api.github.com/repos/mrinal1704/Credit-Card-Transaction-Fraud-Detection-using-Supervised-Machine-learning-with-an-Imbalanced-dataset
Super-Bowl-LIII-Score-Prediction,168603916,https://api.github.com/repos/shruhi/Super-Bowl-LIII-Score-Prediction
drift,276929440,https://api.github.com/repos/wehnsdaefflae/drift
DeepPiCar,180460767,https://api.github.com/repos/dctian/DeepPiCar
shifu,19008910,https://api.github.com/repos/ShifuML/shifu
NeuralDialog-ZSDG,130564051,https://api.github.com/repos/snakeztc/NeuralDialog-ZSDG
DSTC7-End-to-End-Conversation-Modeling,135356955,https://api.github.com/repos/mgalley/DSTC7-End-to-End-Conversation-Modeling
SpeakerEmbeddingLossComparison,248780101,https://api.github.com/repos/juanmc2005/SpeakerEmbeddingLossComparison
lanefollowing,169777711,https://api.github.com/repos/lgsvl/lanefollowing
flux,120480585,https://api.github.com/repos/flux-project/flux
image-search-engine,162852074,https://api.github.com/repos/lucko515/image-search-engine
ML-End-to-End,111232866,https://api.github.com/repos/avannaldas/ML-End-to-End
stackn,254164065,https://api.github.com/repos/scaleoutsystems/stackn
video-restoration,252882753,https://api.github.com/repos/mburakbozbey/video-restoration
search-book-by-cover-server,232591794,https://api.github.com/repos/lucko515/search-book-by-cover-server
ComParE2020-Breathing-End2End,237273348,https://api.github.com/repos/glam-imperial/ComParE2020-Breathing-End2End
yarx,201940674,https://api.github.com/repos/YerevaNN/yarx
Deploy-Sentiment-Analysis-LSTM,267793361,https://api.github.com/repos/phreakyphoenix/Deploy-Sentiment-Analysis-LSTM
End-to-End-Diabetes-Prediction-Application-Using-Machine-Learning,260874537,https://api.github.com/repos/ditikrushna/End-to-End-Diabetes-Prediction-Application-Using-Machine-Learning
Ceegle-search,219368515,https://api.github.com/repos/madhups1992/Ceegle-search
ML-Model-Retraining-DevOps-way,244721388,https://api.github.com/repos/kalikichandu/ML-Model-Retraining-DevOps-way
End-to-End-Behavioral-Cloning,124832766,https://api.github.com/repos/TurtleTaco/End-to-End-Behavioral-Cloning
pycrew2,250417598,https://api.github.com/repos/mburakbozbey/pycrew2
DevOps-for-ML,241687399,https://api.github.com/repos/kalikichandu/DevOps-for-ML
India_School_Insight,254568829,https://api.github.com/repos/manvendra7/India_School_Insight
Chat-Bot-Using-End-to-End-Network,264881061,https://api.github.com/repos/vaibhavmakhloga/Chat-Bot-Using-End-to-End-Network
